{
	"ImportPath": "github.com/xianlubird/mydocker",
	"GoVersion": "go1.6",
	"GodepVersion": "v74",
	"Deps": [
		{
			"ImportPath": "github.com/Sirupsen/logrus",
			"Comment": "v0.8.7-53-g446d1c1",
			"Rev": "446d1c146faa8ed3f4218f056fcd165f6bcfda81"
		},
		{
			"ImportPath": "github.com/dsnet/compress",
			"Rev": "b9aab3c6a04eef14c56384b4ad065e7b73438862"
		},
		{
			"ImportPath": "github.com/dsnet/compress/bzip2",
			"Rev": "b9aab3c6a04eef14c56384b4ad065e7b73438862"
		},
		{
			"ImportPath": "github.com/dsnet/compress/bzip2/internal/sais",
			"Rev": "b9aab3c6a04eef14c56384b4ad065e7b73438862"
		},
		{
			"ImportPath": "github.com/dsnet/compress/internal",
			"Rev": "b9aab3c6a04eef14c56384b4ad065e7b73438862"
		},
		{
			"ImportPath": "github.com/dsnet/compress/internal/prefix",
			"Rev": "b9aab3c6a04eef14c56384b4ad065e7b73438862"
		},
		{
			"ImportPath": "github.com/mholt/archiver",
			"Comment": "v2.0-11-g3db6961",
			"Rev": "3db696109532489aed9b8e71d01666f95f05fa05"
		},
		{
			"ImportPath": "github.com/nwaples/rardecode",
			"Rev": "18e2160743d39d742b3e88d44c3b7bb077936c8d"
		},
		{
			"ImportPath": "github.com/ulikunitz/xz",
			"Comment": "v0.5.2",
			"Rev": "76f94b7c69c6f84be96bcfc2443042b198689565"
		},
		{
			"ImportPath": "github.com/ulikunitz/xz/internal/hash",
			"Comment": "v0.5.2",
			"Rev": "76f94b7c69c6f84be96bcfc2443042b198689565"
		},
		{
			"ImportPath": "github.com/ulikunitz/xz/internal/xlog",
			"Comment": "v0.5.2",
			"Rev": "76f94b7c69c6f84be96bcfc2443042b198689565"
		},
		{
			"ImportPath": "github.com/ulikunitz/xz/lzma",
			"Comment": "v0.5.2",
			"Rev": "76f94b7c69c6f84be96bcfc2443042b198689565"
		},
		{
			"ImportPath": "github.com/urfave/cli",
			"Comment": "v1.19.1",
			"Rev": "0bdeddeeb0f650497d603c4ad7b20cfe685682f6"
		},
		{
			"ImportPath": "github.com/vishvananda/netlink",
			"Rev": "1890b34fa39d236a20a5ab69627d3c7f91fabdb9"
		},
		{
			"ImportPath": "github.com/vishvananda/netns",
			"Rev": "2c9454e4fc6e2edc1a1c84e64ed3d6e662fb6991"
		},
		{
			"ImportPath": "github.com/vishvananda/netlink/nl",
			"Rev": "1890b34fa39d236a20a5ab69627d3c7f91fabdb9"
		},
		{
			"ImportPath": "golang.org/x/sys/unix",
			"Rev": "833a04a10549a95dc34458c195cbad61bbb6cb4d"
		}
	]
}
